Lastname, Firstname
Bansal, Rishu
Mittal, Neha
Quitadamo, Andrew
Feynman, Richard
Hopper, Grace
Ford, Colby
Uppal, Aneeta
Kaiser, Samantha 
Singer, Christopher
Crowder, Molly
Doe, John
Whitmire, Sarah
Person, Random
Uppal, Aneeta
Ford, Colby
Nodzak, CML
Jefferson, Thomas
Pickles, Tommy
Payne, Thomas
Washington, George
Zhao, Lei
Zhao, LeiLei
Xu, Lei
Xu, L
Lei, Xu
Jing, Chen
Cynthia, Chen
Uppuganti,Satya
Uppuganti S
Aruwajoye Abimbola
Almighty, God
xingwang yu
Xingwang, Yu
Yu-Hung, Hung
Joyce, Hung
Amoolya, Maddali
Amoolya, Maddali
Kandukuri, Shiny Beaulah
Kandukuri, Sony Phebe
